http://www.barhocker.de/barhocker/barhocker-outdoor/outdoor-barhocker-gio-aluminium-kunststoff.html;;;;;;;;;;;;;;;;;;;;;;;;;;
http://www.bauer-vinothek.de/angebote/angebot-der-woche/champagner-nicolas-feuillatte-brut-reserve-sonderedition-sleeve-gold-magnum.html;;;;;;;;;;;;;;;;;;;;;;;;;;
https://schwester-schwester.de/ohrringe/ohrstecker/775/ohrstecker-in-pink-mit-smaragdgruener-quaste-von-amusetoi?c=76;;;;;;;;;;;;;;;;;;;;;;;;;;
http://www.bauladen-shop.de/auro-profi-silikatfarbe.htm;;;;;;;;;;;;;;;;;;;;;;;;;;
https://www.beliani.de/couchtisch-schwarz-beistelltisch-wohnzimmertisch-kaffeetisch-vigo.html;;;;;;;;;;;;;recommendation;;;;;;;;;;;;;
http://www.bergweltshop.de/Huettendeko/Servierpfanne-mit-Holzteller?source=1&refertype=8;;;;;;;;;;;;;;;;;;;;;;;;;;
http://www.beschlag-paul.de/innentuer-echtholz-furniert-roehrenspanstreifen-ahorn-kanadisch.html;;;;;;;;;;;;;;;;;;;;;;;;;;
http://www.bestmotostyles.de/Hersteller/John-Doe/John-Doe-Kamikaze-Jeans-Herren/Jeans-Hose-Kamikaze-Denim-Herren-schwarz.html;;;;;;;;;;;;;;;;;;;;;;;;;;
http://www.sinoian.com/de/headwear/42/beanie-mit-leder-patch;;;;;;;;;;;;;;;;;;;;;;;;;;
http://www.zündis.com/sirius-anzuender/sirius-einsteiger-10-schachteln.php;;;;;;;;;;;;;;https://www.zündis.com/../images/s2dlogo.jpg;;;;;;algo for image ..;new one!!;;;;;
http://www.c-and-a.com/de/de/shop/jungen/gr-122-182/pullover-sweatshirts/pullover/pullover-181452-1.html;;;;;;;;;;;;;;description is short;;;;;;;;;;;;
http://shop.chairgo.de/markenshops/herman-miller/herman-miller-embody/2846/hermanmiller-embody-black-konfigurierbar-mit-armlehnen-gestell-und-fusskreuz-anthrazit  ;;;;;;;;;;;;;;;;;;;;;;;;;;
https://www.cd-wall.de/Design-CD-Aufbewahrung-aus-Edelstahl/Die-CD-Wand-fuer-Ihre-schoensten-25CDs.html  ;;;;;;;;;;;;;; try itemprop=image;;;;;;;;;;;;
http://www.chocri.de/leckerbissen/schokoladenfiguren/schokoelch-lea/;;;;;;;;;;;;;;description from itemprop short;;;;;;;;;;;;
http://www.christ.de/product/87015785/jette-silver-collier-magic-lights-87015785/index.html;;;;;;;;;;;;;image;http://christ.scene7.com/is/image/Christ/detail/jette-silver-collier-magic-lights-87015785_87015785.jpg;;;;;;;;;;;;
https://www.conceptrun.de/led-einbaustrahler-quadratisch-12v-oder-230v-schwenkbar-edelstahl-gebuerstet-qd2.html;;;;;;;;;;;;;;;;;;;;;;;;;;
http://www.codo-shop.com/epages/64239100.sf/de_DE/?ObjectPath=/Shops/64239100/Products/1000;;;;;;;;;;;;;;no image;;;;;;;;;;;;
https://www.cyberport.de/hp-pavilion-14-al005ng-notebook-silber-i5-6200u-full-hd-windows-10-1C24-5N5_1695.html;;;;;;;;;;;;;;;;;;;;;;;;;;
http://www.dasapartmentliving.de/epages/13621608.sf/de_DE/?ObjectPath=/Shops/13621608/Products/APRM-295781;;;;;;;;;;;;;;;;;;;;;;;;;;
http://www.deichmann.com/DE/de/shop/herren/herren-schuhe/herren-schuhe-sneaker/00000001341417/Laufschuh*REAX*9*TR.prod;;;;;;;;;;;;;;;;;;;;;;;;;;
http://www.sksonic.de/epages/64389919.sf/de_DE/?ObjectPath=/Shops/64389919/Products/%22100%204170%22        ;;;;;;;;;;;;;;;;;;;;;;;;;;
http://www.smilefood.de/chaese-und-sahne/veganer-chaese/vom-rauch-herr-berta-bio-scheiben;;;;;;;;;;;;;;;;;;;;;;;;;;
https://www.der24hshop.de/Designerduefte-Damen/Secret-Woman-100-ml-EdP-Parfuem-Damen-Duefte-Lucien-George.html;;;;;;;;;;;;;;;;;;;;;;;;;;
http://distance.eu/puma-x-ueg-court-play-slipon-361637-02.html   price;;;;;;;;;;;;;;;;;;;;;;;;;;
https://www.docmorris.de/wobenzym-plus-magensaftresistente-filmtabletten/06499503;;;;;;;;;;;;;;no image;;;;;;;;;;;;
http://www.snipes.com/nike_sb/hooded-sweatshirt-icon-black-white/prod-00013801429688?r=32&c=4&q=*&st=PRODUCT&orderby=new;;;;;;;;;;;;;;;;;;;;;;;;;;
http://www.easycosmetic.de/lancome/lancome-la-vie-est-belle.aspx;;;;;;;;;;;;;recommendation;;;;;;;;;;;;;
https://www.edampf-shop.com/icare-650-mah-eleaf/a-1588/;;;;;;;;;;;;;;;;;;;;;;;;;;
http://www.neromonga.de/::51-Tom-organic-hooded.html;;;;;;;;;;;;;;image http not https;;;;;;;;;;;;
http://www.sportokay.com/de_de/black-diamond-helio-105-carbon-tourenski.html;;;;;;;;;;;;;;image available but can't show!;;;;;;;;;;;;
http://www.tabak-kontor.de/de/romeoyjulietaveronaedicionlimitada20161.html;;;;;;;;;;;;;;short description itemprop;;;;;;;;;;;;
http://www.faszination-tauchsport.de/OMS-Ballast-System-vertikal;;;;;;;;;;;;;;;;;;;;;;;;;;
http://www.fc-moto.de/HJC-RPHA-10-Plus-Green-Mamba-Helm ;;;;;;;;;;;;;;;;;;;;;;;;;;
http://www.filati.cc/lana-grossa-garne/wolle-lana-grossa-alta-moda-alpaca-id_2904.html;;;;;;;;;;;;;;;;;;;;;;;;;;
https://www.talaso.de/gartenmoebel/gartenstuehle/gartenstuehle-geflecht/95/zebra-loomus-sessel-silkwhite;;;;;;;;;;;;;;;;;;;;;;;;;;
http://freizeitart.de/sichtschutzfolie-cad-eco-ab-1-laufmeter?c=6;;;;;;;;;;;;;;;;;;;;;;;;;;
http://eu.furla.com/store/furlaeu/de_DE/pd/ThemeID.38743800/productID.5078877900/categoryID.69835400;;;;;;;;;;;;;;IMAGE ALGO FEATURE (remove // from beginngin it might be the link after that);;;;;;;;;;;;
https://www.taschenkaufhaus.de/article/marc-o-polo-hobo-bag-m-buff-suede-4234.24309.html;;;;;;;;;;;;;;;;;;;;;;;;;;
http://gartenfreude24.de/product/pflanzkuebel-polyrattan-46-x-46-x-45-cm-37-x-37-x-37cm-28-x-28-x-30cm-kunststoffeinsatz-anthrazit.7105.html;;;;;;;;;;;;;;;;;;;;;;;;;;
http://www.glas-shop24.de/epages/62233480.sf/de_DE/?ObjectPath=/Shops/62233480/Products/101_Motiv/SubProducts/1AG-0_M       ;;;;;;;;;;;;;;;;;;;;;;;;;;
https://www.goertz.de/cox-winter-boots-grau-dunkel-44395701/;;;;;;;;;;;;;;;;;;;;;;;;;;
http://grimms-glueckskinder-fashion.de/15724-NICI-Kuscheltier-Schlafm%C3%BCtzen-B%C3%A4r-Tommsy-22-cm;;;;;;;;;;;;;;No image , algo for image .. At the beginning remoe;;;;;;;;;;;;
http://www.hanfprodukte.de/Fun---Food/Suesswaren-117/Schoko-Hanf-Bisquits--150-g-Dose.html;;;;;;;;;;;;;;;;;;;;;;;;;;
https://www.inkosafe.de/Klinik-und-Praxisbedarf/Einmalhandschuhe/Nitril-Handschuhe/Nitril-Handschuhe-by-Abena-weiss-Gr-S-150-Stueck.html;;;;;;;;;;;;;;;;;;;;;;;;;;
http://www.happy-ant.de/Schlauchloses-PU-Rad-fuer-Schubkarren-INKL-Montagematerial;;;;;;;;;;;;;;;;;;;;;;;;;;
https://www.hofmax.de/gartenbedarf/samen/weidemischung/weidemischung-1.html;;;;;;;;;;;;;;;;;;;;;;;;;;
http://www.theobroma-cacao.de/shop/homepage/unsere-top-produkte/pacari-rohe-schokolade-raw100.html;;;;;;;;;;;;;;;;;;;;;;;;;;
https://www.huttner-buerobedarf.de/bueromaschinen-u.-technik/bueromaschinen-und-zubehoer/aktenvernichter-und-zubehoer/fellowes-aktenvernichter-p-25s-4701001;;;;;;;;;;;;;;price take only 2 digits after .;;;;;;;;;;;;
http://www.iaio.de/shop/produkt/91/8/bio-bettwaesche-set-satin-pure-230x220-3tlg/.-king-size;;;;;;;;;;;;;;image + http not https (fix to all);;;;;;;;;;;;
http://www.ichliebedesign.de/dekoration-accessoires/dekorationsobjekte/2907/t-frame-bilderrahmen-schwarz?c=1711;;;;;;;;;;;;;;;;;;;;;;;;;;
http://www.ikea.com/de/de/catalog/products/S29931596/?icid=iba|de|fy17_zusammen|3baAKCEbIKapKFU25aZTubeYnI3ACQ;;;;;;;;;;;;;;;;;;;;;;;;;;
http://www.intersport.de/shop-product/nike-herren-sneaker-air-max-tavas-/000000000006011426/;;;;;;;;;;;;;;;;;;;;;;;;;;
https://www.itsco.de/tablet-apple-ipad-4-a1460-apple-a6x-2x-1-4ghz.html;;;;;;;;;;;;;;;;;;;;;;;;;;
http://www.jago24.de/garten/gartenbeleuchtung/aussenleuchten/solarstrahler-mit-bewegungssensor.html;;;;;;;;;;;;;;;;;;;;;;;;;;
https://www.jochen-schweizer.de/geschenkboxen/erlebnis-box-kurzurlaub,default,pd.html       ;;;;;;;;;;;;;recommendation;;;;;;;;;;;;;
http://www.juwelina.de/designer-schmuck/schmuck-sets/DSchmuck-Set-mit-Swarovski-Kristallen-in-Gruen-Bronze-Metallic.html;;;;;;;;;;;;;;;;;;;;;;;;;;
http://www.kare.de/kissen-mr-right-45x45cm.html;;;;;;;;;;;;;;;;;;;;;;;;;;
http://kegelbahntechnik-shop.de/product_info.php?info=p409_ballablage-fuer-10-bowling-baelle.html&XTCsid=672dbfa50a74df4554ff2d45abad85b3;;;;;;;;;;;;;;http not https;;;;;;;;;;;;
https://www.kfzteile24.de/index.cgi?rm=articleDetails&artnr=TA2340-0688&dlnr=894&notTypeSearch=TA2340-0688&search=TA2340-0688&searchType=single;;;;;;;;;;;;;;;;;;;;;;;;;;
http://www.kikis-pralinenwelt.de/homepage/top-produkte/trinitario-bean-to-bar-trinidad-schokolade.html;;;;;;;;;;;;;;;;;;;;;;;;;;
https://www.kikimo.de/name-it-Langarmshirt-Sweatshirt-Waldtiere-gr-92-bis-122-128-Nitkarina  ;;;;;;;;;;;;;;;;;;;;;;;;;;
https://kisseny.com/Produkte/KISSENY.html;;;;;;;;;;;;;;;;;;;;;;;;;;
https://www.kivanta.de/Klean-KanteenZ-148-ml-Babyflasche-langsamer-Trinkfluss-gebuersteter-Edelstahl ;;;;;;;;;;;;;;;;;;;;;;;;;;
http://www.technikdirekt.de/tv-audio/streaming-radio/radio-internetradio/radio-kassetten-cd-player/220068/radio-cd-spieler-lenco-scd-550;;;;;;;;;;;;;;;;;;;;;;;;;;
http://www.krautrausch.de/goloka-nag-champa;;;;;;;;;;;;;;;;;;;;;;;;;;
http://www.krueger-fenster.de/de/kunststofffenster-800x800mm-2-fach-isolierverglasung-5-kammer-profil;;;;;;;;;;;;;;;;;;;;;;;;;;
https://kunststoffplattenonline.de/product/hpl-platten-weiss-6-mm-ral-9016/;;;;;;;;;;;;;;;;;;;;;;;;;;
http://www.kurierbedarf.com/Klemmbalken-fuer-Sprinter-Transporter-SAM-Profi-1500-2050-mm-Cargo-Stop;;;;;;;;;;;;;;;;;;;;;;;;;;
http://lakritz-spezialitaeten.de/kaufen/schokoladiges/pfeffer-lakritz-in-weisser-schokolade ;;;;;;;;;;;;;;;;;;;;;;;;;;
http://www.ledplatz.de/LED-Innenleuchten/OSRAM-LED-Standleuchte-POWERPOLE-WT.html;;;;;;;;;;;;;;;;;;;;;;;;;;
https://www.leitern.net/WAKUE-Little-Jumbo-Trittleiter-310B-Standhoehe-069-m;;;;;;;;;;;;;;;;;;;;;;;;;;
http://www.lemoboo.de/abfallsammler-sesamo-2-x-8-liter?sCoreId=kmnemflcgbpdi2gb3s9qjq3846;;;;;;;;;;;;;;;;;;;;;;;;;;
https://www.lesara.com/reindeer-pattern-onesie-172397.html;;;;;;;;;;;;;;;;;;;;;;;;;;
http://www.maxrpm.de/VW-Drosselklappendichtung-fuer-VW-Polo-G40-MKB-PY-3F-NZ-OEM-030133073A;;;;;;;;;;;;;;;;;;;;;;;;;;
https://meddax24.de/tena-pants-discreet-slip-karton;;;;;;;;;;;;;;;;;;;;;;;;;;
http://www.mein-mila-laden.de/artikel.php?ref=k&k=99&artnr=5555403&PHPSESSID=5513e1e22ee2528582c892da653ab45d;;;;;;;;;;;;;;;;;;;;;;;;;;
http://www.mmoga.de/Steam-Games/Killing-Floor-2.html;;;;;;;;;;;;;;;;;;;;;;;;;;
https://www.modern-nature.de/piercing-ring-smooth-segment-clicker-stahl-pvd-18kt-gold-12-mm;;;;;;;;;;;;;;;;;;;image;;;;;;;
https://www.mr-deko.com/strandkorb.php/products_id/1135?osCsid=3133dda17c588b6da76fa6532ea1ed2e;;;;;;;;;;;;;;;;;;;;;;;;;;
https://www.myhomeflair.de/duftkerze-nat-nat-dunkelgrau.html ;;;;;;;;;;;;;;;;;;;;;;;;;;
http://www.myapo.de/produkte/sortiment/Naturheilkunde/6965237-detail.html;;;;;;;;;;;;;;;;;;;;;;;;;;
http://www.mydental.de/laborprodukte/brennhilfsmittel/keramik-brennpaste-zur-objektfixierung-stabilisiert-selbst-schwierige-keramikarbeiten-beim-brennvorgang.html?MODsid=raobchsc03bh1d26ccmcb11a65;;;;;;;;;;;;;;;;;;;image;;;;;;;
https://www.mydisplays.net/faltdisplay-gebogen;;;;;;;;;;;;;;;;;;;;;;;;;;
https://www.myposter.de/zubehoer/tapete-folie-pvc;;;;;;;;;;;;;;;;;;;;;;;;;;
http://www.mytoys.de/fischertechnik-fischertechnik-advanced-rolling-action-kugelbahn-2430116.html;;;;;;;;;;;;;;;;;;;fix image // it contain oath;;;;;;;
https://www.naehpark.com/bernina-l-450.html;;;;;;;;;;;;;;;;;;;;;;;;;;
http://www.naturkost-schulz.de/991/mandeln-gebrannt-mit-zimt-zucker-nur-fuer-kurze-zeit;;;;;;;;;;;;;;;;;;;;;;;;;;
https://www.nordjung.de/martina-gebhardt-winter-balm-15-ml;;;;;;;;;;;;;;;;;;;image;;;;;;;
http://www.notebooksbilliger.de/acer+aspire+es1+531+c13g/incrpc/topprod;;;;;;;;;;;;;;;;;;;;;;;;;;
https://www.obi.de/kaminoefen/justus-kaminofen-usedom-5-sandstein/p/1398445?template=Home&box=box1  ;;;;;;;;;;;;;;;;;;;fix image // it contain oath;;;;;;;
http://www.papstar-shop.de/Themen-Anlaesse-Laender/Weihnachten/Weihnachts-Serien/X-mas-Highlights/Servietten-3-lagig-1-4-Falz-33-cm-x-33-cm-X-mas-Highlights-.htm?shop=papstar&SessionId=&a=article&ProdNr=85260&t=20246&c=36167&p=36167;;;;;;;;;;;;;;;;;;;;;;;;;;
https://parfumgroup.de/dolce-gabbana-the-one-essence-eau-de-parfum;;;;;;;;;;;;;;;;;;;;;;;;;;
http://www.passiontec.de/shop/apple-ipad-pro-97-inch-wi-fi-32gb-rosegold.html?PHPSESSID=9d3fa09d9951e44aff2c652e20811b79;;;;;;;;;;;;;;;;;;;description from p is empty;;;;;;;
http://www.petspremium.de/wildes-land-nassfutter-pferd-susskartoffeln-wildkrautern-und-distelol.html;;;;;;;;;;;;;;;;;;;;;;;;;;
http://www.photocircle.net/de/fotokalender/sueddeutsche-zeitung-bilder-die-Geschichte-erzaehlen-2017;;;;;;;;;;;;;;;;;;;;;;;;;;
https://www.thomann.de/de/startone_cg_851_14.htm;;;;;;;;;;;;;;;;;;;;;;;;;;
http://thieme-waesche.de/epages/01040405.sf/de_DE/?ObjectPath=/Shops/01040405/Products/%223/41/6066A%22    ;;;;;;;;;;;;;;;;;;;;;;;;;;
http://www.pollin.de/shop/dt/NTEyNjcyOTk-/Computer_Informationstechnik/Netzwerktechnik/Powerline_Adapter/WLAN_Powerline_Set_D_LINK_DHPW311AV_AV500.html;;;;;;;;;;;;;;;;;;;;;;;;;;
http://www.polyrattan24.de/sitzgruppe-stavanger-rund-rattan-aluminium-anzahl-der-sitzplatze-6.html;;;;;;;;;;;;;;;;;;;;;;;;;;
http://www.trendor.de/de/joop/guertel/joop-herren-guertel-schwarz-7014/;;;;;;;;;;;;;;;;;;;;;;;;;;
http://www.trinkpur.de/zubehoer-klean-kanteen/54-kid-kanteen-sauger-fur-babyflaschen.html;;;;;;;;;;;;;;;;;;;;;;;;;;
http://www.purnatour.de/naturbettwaren/Kissen/Latexflocken-Kissen--verschied--Varianten---Groessen-1027.html;;;;;;;;;;;;;;;;;;;;;;;;;;
http://www.ratioprint.de/produkte/drucker-zubehoer/toner/53349/ratioprint-rebuilt-toner-clt-k406s/els-black;;;;;;;;;;;;;;;;;;;;;;;;;;
http://www.redcoon.de/B661512-Pro-Ject-Debut-Carbon-DC-Basic-rot_Plattenspieler ;;;;;;;;;;;;;;;;;;;;;;;;;;
http://www.reichelt.de/WERA-KAL-2016/3/index.html?ACTION=3&LA=0&ARTICLE=175161&artnr=WERA+KAL+2016&SID=95WCNSEqwQATQAAG--z484a1e54f70d99c70c11cb05b3753a035b;;;;;;;;;;;;;;;;;;;;;;;;;;
http://www.twinsworld.de/Unterwegs/Sonnenschutz/Sonnenschutz-Deluxe-3-in-1-fuer-Zwillingswagen.html;;;;;;;;;;;;;;;;;;;;;;;;;;
http://romy-kindermoebel.de/annette-frank-babybett-lillebro-70-x-140-cm.html  ;;;;;;;;;;;;;;;;;;;;;;;;;;
https://www.rossmann.de/produkte/makeup-revolution/ultra-blush-palette-golden-sugar/5029066026453.html;;;;;;;;;;;;;;;;;;;;;;;;;;
http://www.rothoshop.de/de/Aufbewahrung/Aufbewahrungsboxen/Clear-Boxen/CLEAR-BOX-Roller-4-63l-transparent.html   ;;;;;;;;;;;;;;;;;;;;;;;;;;
https://royal-aloe-vera.de/produkt/royal-aloe-vera-body-lotion/;;;;;;;;;;;;;;;;;;;short desc;;;;;;;
https://www.rumundco.de/Ron-Botucal-Reserva-Exclusiva-40-07l;;;;;;;;;;;;;;;;;;;;;;;;;;
https://www.sanicare.de/Inhalationsgeraet-Omron-CompAir-Basic-NE-C802-1St-80131213;;;;;;;;;;;;;;;;;;;;;;;;;;
http://www.saturn.de/de/product/_gopro-hero-1914247.html;;;;;;;;;;;;;;;;;;;;;;;;;;
https://www.scandinaviandesigncenter.de/Products/eur1/Trademark/Brita+Sweden/17572/Rita+Teppich+concrete+gro%c3%9f&variantId=01;;;;;;;;;;;;;;;;;;;;;;;;;;
http://www.schawenzl.de/epages/63173958.sf/de_DE/?ObjectPath=/Shops/63173958/Products/1018;;;;;;;;;;;;;;;;;;;image;;;;;;;
http://www.schmuckkoffer-galerie.de/Uhrenkasten--Uhrenboxen--Uhrenbeweger-Uhrenbox--Uhrenkasten--Uhrentruhe--Uhrenvitrine-Uhrenbox-Cubano-/Schmuckkoffer-Kunstleder/-579-747-748-823-969-1035.html;;;;;;;;;;;;;;;;;;;itemprop image;;;;;;;
https://www.uhrcenter.de/schmuck/fusskettchen/trendor-silber-fusskettchen-35669/;;;;;;;;;;;;;;;;;;;;;;;;;;
http://www.unique-boutique.de/de/gurtel/56-geflochtener-fransengurtel-in-schwarz-157-cm-bindegurtel-am-ende-mit-troddeln-und-fransen-4251034500547.html;;;;;;;;;;;;;;;;;;;;;;;;;;
https://www.vinello.de/cantine-san-marzano-sessantanni-primitivo-di-manduria-doc-2013-cantine-san-marzano-9976;;;;;;;;;;;;;;;;;;;img srcset;;;;;;;
http://www.vineshop24.de/Weine-aus-aller-Welt/Chile/Vina-Maipo-Mi-Pueblo-Cabernet-Sauvignon.html;;;;;;;;;;;;;;;;;;;;;;;;;;
http://www.vitalesignale.de/regenwald-tee.html;;;;;;;;;;;;;;;;;;;;;;;;;;
http://shop.vivil.de/themes/kategorie/detail.php?artikelid=4&kategorieid=5&source=1&refertype=9;;;;;;;;;;;;;;;;;;;;;;;;;;
https://www.wahlfeld.com/x-loop-sonnenbrille-sport-herren-damen-schwarz-silber-carbon-look-gruen-verspiegelte-glaeser-one-size/;;;;;;;;;;;;;;;;;;;;;;;;;;
https://www.waescheliese.com/Wohnen-Leben/Tisch-Kueche/Geschirr-Besteck/Tasse-Mai-peach.html;;;;;;;;;;;;;;;;;;;short desc;;;;;;;
http://www.werkzeuggarage.de/108-V-Akku-System-Bohrmaschine-Li-Ion-Premium-Qualitaet-von-BGS-technic;;;;;;;;;;;;;;;;;;;;;;;;;;
http://www.wohnen2010.de/Kueche/Servierwagen-RASKOG.html;;;;;;;;;;;;;;;;;;;;;;;;;;
https://zaunsysteme-direkt.de/Zaunfeld-Mailand;;;;;;;;;;;;;;;;;;;;;;;;;;
http://www.zirbelkissen.de/Produkte-Shop/Zirbenkissen-Steppdecken-mit-Zirbenflocken/;;;;;;;;;;;;;;;;;;;;;;;;;;
http://www.zooshop-max.de/Hundefutter/Hunde-Trockenfutter/Black-Canyon/Black-Canyon-Lake-Louise-15kg-oxid.html;;;;;;;;;;;;;;;;;;;;;;;;;;
https://www.etsy.com/de/listing/249690950/50-silver-plated-kugelketten-24-mm-bulk?ga_order=most_relevant&ga_search_type=all&ga_view_type=gallery&ga_search_query=&ref=sc_gallery_1&plkey=11da0b9ee86df6c2cae63976a5368f22b9bf9039:249690950;;;;;;;;;;;;;;;;;;;;;;;;;;
https://www.fairmondo.de/articles/make-trade-fair-v2-grosse-m--3;;;;;;;;;;;;;;;;;;;;;;;;;;
https://www.tchibo.de/zimtstern-backmatte-p400093077.html;;;;;;;;;;;;;;;;;;;;;;;;;;
http://www.vitalsana.com/schmerzen/kopfschmerzen/thomapyrin-classic-schmerztabletten-20-st-tabletten-3046736;;;;;;;;;;;;;;;;;;;;;;;;;;
http://www.sportscheck.com/earebel-rookery-beanie-p262163-F040/schwarz/;;;;;;;;;;;;;;;;;;;;;;;;;;
https://www.lensbest.de/shop/Kontaktlinsen/startersets/lenscare-colorlook-style-monatslinsen-starter-set--60424;;;;;;;;;;;;;;;;;;;;;;;;;;
http://www.frankonia.de/Pistole+MANURHIN+PP+Kal.7%2C65+MM+gebr./MANURHIN/Ansicht.html?Artikelnummer=9907509&navCategoryId=62213;;;;;;;;;;;;;;;;;;;;;;;;;;
https://www.gartenxxl.de/is-bin/INTERSHOP.enfinity/WFS/Plus-GartenXXLDE-Site/de_DE/-/EUR/ViewProductDetail-PDW?RefID=A_a_504989--12-AW-50.5-ZAR-3ea9f716024ef29cc19f589824118c89#/rating-page/helpful-first/88/1;;;;;;;;;;;;;;;;;;;image;;;;;;;
http://www.witt-weiden.de/hosenanzug-damen/248778#articleNumber=367456&style=14632632;;;;;;;;;;;;;;;;;;;;;;;;;;
http://www.swarovski.com/Web_DE/de/5115610/product/Atelier_Swarovski_by_Viktor_and_Rolf,_Frozen_Crystals_Wide_Ring.html;;;;;;;;;;;;;;;;;;;;;;;;;;
http://www.kraehe.de/Outdoor/Neuheiten/Jack-Wolfskin-Northern-Point-Men-Softshelljacke-schwarz-M.html;;;;;;;;;;;;;;;;;;;image;;;;;;;
http://www.atu.de/shop/ersatzteile/Batterie-einzeln-BANNER_5155/ROVER-MG-ZR-I-Banner-Starting-Bull-Autobatterie-56009-60-Ah-510-A_10954075;;;;;;;;;;;;;;;;;;;image;;;;;;;
http://www.spartoo.de/Dr-Martens-PASCAL-MRBL-x3369351.php;;;;;;;;;;;;;;;;;;;;;;;;;;
https://www.schiesser.com/heimtextilien-bettwaesche-wendebettwaesche-feinbiber-reissverschluss-schneeflocken-silber-weiss-home.html ;;;;;;;;;;;;;;;;;;;;;;;;;;
https://www.hagebau.de/p/glasbodenplatte-segmentbogen-80-x-100-cm-transparent-zum-funkenschutz-an528103647/?itemId=B581623#lmPromo=la,1,hk,startseite,fl,recommendationengine_Productteaser2_581623D_glasbodenplatte-segmentbogen-80-x-100-cm-transparent-zum-funkenschutz;;;;;;;;;;;;;;;;;;;;;;;;;;
http://www.medipolis.de/orthoflor-immun-kapseln-30-st-10305315.html;;;;;;;;;;;;;;;;;;;price;;;;;;;
"https://shop.apotal.de/product/Ell-Cranell/ELL-CRANELL-Haarfuelle-fuer-Frauen-Kapseln/c_41588_p_794256.html;jsessionid=B410BB809195227B492FACBCC4480D63-memc0.pla2tom4?prodId=794256 ";;;;;;;;;;;;;;;;;;;img src check;;;;;;;
https://www.bio-apo.de/product/uwemba-pastilles.2098760.html;;;;;;;;;;;;;;;;;;;;;;;;;;
https://www.bodyguardapotheke.com/versandapotheke/cetirizin-ratiopharm-bei-allergien-10-mg-filmtabl.126458.html?sid=3ok27859vqlv810tulgbtls7g0  ;;;;;;;;;;;;;;;;;;;image;;;;;;;
https://www.diashop.de/omron-bf511-koerperfettanalysewaage-blau-1-stueck.html;;;;;;;;;;;;;;;;;;;;;;;;;;
https://www.eu-versandapotheke.com/product/nasenspray-ratiopharm-kinder-kons-frei.55655.html?emcs0=3&emcs1=Startseite&emcs2=na&emcs3=55655  ;;;;;;;;;;;;;;;;;;;;;;;;;;
https://www.aponeo.de/11661087-locastad-gegen-halsschmerzen-orange-lutschtabl.html   ;;;;;;;;;;;;;;;;;;;image;;;;;;;
https://www.autoteile-meile.de/Autoteile/BREMBO/Bremsscheibe/p-10044218   ;;;;;;;;;;;;;;;;;;;;;;;;;;
http://www.autoradio.eu/autoradio-navigation-autoradios-fahrzeugspezifisch-adaptiv-adv-gm1-adaptiv-upgrade-set-fuer-opel-insignia-ab-bj-2013-p-2553.html?osCsid=1578cc3af9f54b4f10b3106bf605968e  ;;;;;;;;;;;;;;;;;;;image price;;;;;;;
https://www.hifigarage.de/alpine-cde-196dab.html   ;;;;;;;;;;;;;;;;;;;;;;;;;;
http://www.duw-tuner.de/auto-ersatz-verschleissteile/scheibenwischer/Scheibenwischer-Bosch-10x-Scheibenwischer-Twin-400-400mm----204487-3-397-001-741.html;;;;;;;;;;;;;;;;;;;;;;;;;;
http://www.karstadt.de/MediaShop-Glaettbuerste-Instyler-Straight-UP-PRO/32925478.html;;;;;;;;;;;;;;;;;;;;;;;;;;
https://www.red-carparts.de/car-hifi/car-hifi-auto-lautsprecher/subwoofer/match-subwoofer-bmw-200mm-150w-ms8b-bmw-2;;;;;;;;;;;;;;;;;;;;;;;;;;
http://www.elektronik-star.de/oneConcept-Bamboombox-Mini-Radio-SD-USB-Bluetooth-Radio-schwarz_i45227.htm  ;;;;;;;;;;;;;;;;;;;image;;;;;;;
https://de.erwinmueller.com/shop/artikel-DE-de-EM/Themenwelten/TV-Werbung/Erwin-Mueller-Walk-Frottier-Handtuch-Friedrichshafen--745-1163-0.htm;;;;;;;;;;;;;;;;;;;;;;;;;;
https://www.quelle.de/hanseatic-kuehl-gefrierkombination-bcd-310-ca2-a%2b%2b-185-6-cm-hoch/pref-AKL10028816316%40QuelleDe-Shop/artikel/quelle-de?promoArticleNo=829742#CategoryName=sh75875218&CategoryDisplayName=K%C3%BChl-Gefrierkombinationen&ProductPage=0&showAll=0 ;;;;;;;;;;;;;;;;;;;;;;;;;;
https://www.schlafwelt.de/p/Komfortschaummatratze-7-Zonen-Luxus-BeCo/10010165566/;;;;;;;;;;;;;;;;;;;price;;;;;;;
http://www.medimops.de/charlotte-link-die-betrogene-kriminalroman-taschenbuch-M03734100852.html?variant=UsedVeryGood;;;;;;;;;;;;;;;;;;;;;;;;;;
http://www.buecher.de/shop/star-wars/lego-star-wars-75146-adventskalender/spielwaren/products_products/detail/prod_id/44858650/;;;;;;;;;;;;;;;;;;;;;;;;;;
https://www.abebooks.de/servlet/BookDetailsPL?bi=18213609537&cm_sp=home-_-card_3_2_img-_-femmechic2  ;;;;;;;;;;;;;;;;;;;;;;;;;;
https://www.arvelle.de/Buch/Toechter-des-Mondes-Cate-Jessica-Spotswood-Stefanie-Lemke-ISBN-3863960246/art/86396024M/ ;;;;;;;;;;;;;;;;;;;price;;;;;;;
"http://www.thalia.de/shop/home/rubrikartikel/harry_potter_und_das_verwunschene_kind_teil_eins_und_zwei/joanne_k_rowling/EAN9783551559005/ID45047262.html;jsessionid=7406b350ab7e49d1a62f7061eca7c767.tc6pc";;;;;;;;;;;;;;;;;;;;;;;;;;
https://www.booklooker.de/B%C3%BCcher/Luca-Bloom+Ich-Elias-Roman-Gulliver/id/A02g76TN01ZZ2;;;;;;;;;;;;;;;;;;;;;;;;;;
http://www.soliver.de/Fliege/12.611.91.4757,default,pd.html?sku=12%2e611%2e91%2e4757%2e9899%2e1&cgid=xmas_ge_highlights;;;;;;;;;;;;;;;;;;;;;;;;;;
https://www.bugatti-fashion.com/Herrenbekleidung/Hosen/Five-Pocket-in-Schwarz-27473.html/;;;;;;;;;;;;;;;;;;;;;;;;;;
http://www.frontlineshop.com/rucksaecke-3/khaki--und-beigefarbener-rucksack-mit-motiv-the-daily-canyon-element-355396.html;;;;;;;;;;;;;;;;;;;;;;;;;;
https://www.hunkemoller.de/de_de/9-ballerina-hausschuhe-weiss-114673.html;;;;;;;;;;;;;;;;;;;image;;;;;;;
http://www.jades24.com/de/produkt/women/news_woman/vince-d-rock-shirred_blwh/index.html;;;;;;;;;;;;;;;;;;;;;;;;;;
https://www.breuninger.com/marccain-strickkleid/1000573044/detail.cmd;;;;;;;;;;;;;;;;;;;;;;;;;;
http://de.triumph.com/pyjama/sets/10163651.html?cgid=520000&color=00ZL_Blossom;;;;;;;;;;;;;;;;;;;;;;;;;;
http://www.trachtentraum.de/almsach-trachtenhemd-apple-tanne-slim-fit-herren-hemd-trachten-slimfit-grun.html;;;;;;;;;;;;;;;;;;;;;;;;;;
https://www.bader.de/shop/schuhe-taschen/taschen/tasche-29605-000  ;;;;;;;;;;;;;;;;;;;;;;;;;;
https://www.kl-ruppert.de/Damen/Fashion/Sport/Ski/Jacken/Ski-und-Winterjacke-fuer-Ladies-dunkelblau.html?force_sid=ja4nlv9h7n9bplc3nluds8cat1;;;;;;;;;;;;;;;;;;;image;;;;;;;
http://www.wenz.de/pullover-amy-vermont-717056/;;;;;;;;;;;;;;;;;;;image // and avaialbe without adding domain;;;;;;;
https://www.alpenwelt-versand.com/product/10050049708?c=outfits-looks-anlaesse-festliche-trachten&itemId=10049351340&p=19&ns_source=alpenwelt.page&isAjax=true&ns_mchannel=fest&_=1478770846818&ns_campaign=internal&ns_fee=0&ns_linkname=buehne1&shop=Country-Line-Dirndl-midi-mit-edlem-Muster;;;;;;;;;;;;;;;;;;;;;;;;;;price
http://www.dirndloutlet.com/dirndlgunstig/glanzvolles-3tlg-dirndl-1221.html;;;;;;;;;;;;;;;;;;;;;;;;;;
https://www.fafit24.de/haibike-sduro-trekking-5.0-2017?number=128043;;;;;;;;;;;;;;;;;;;;;;;;;;
https://www.rosebikes.de/artikel/loeffler-prime-gtx-active-regenjacke/aid:2661300;;;;;;;;;;;;;;;;;;;;;;;;;;
http://www.lucky-bike.de/SALE/Fahrraeder/Marin-Bobcat-Trail-1-LTD-2016.html;;;;;;;;;;;;;;;;;;;;;;;;;;
https://www.boc24.de/shop/kinderraeder-16-zoll/bocas-midi-16  ;;;;;;;;;;;;;;;;;;;;;;;;;;
http://www.radhaus.de/Fahrraeder/Flyer-C8-1-540Wh-Damen-silber-2016.html?force_sid=d05edd69eba03f26825d0b48b8ce7ce3;;;;;;;;;;;;;;;;;;;;;;;;;;
http://www.schelp.de/gartentechnik/rasentraktoren/frontmaeher/stiga-park-540-dpx;;;;;;;;;;;;;;;;;;;;;;;;;;
http://www.tomsbikecorner.de/products/Fahrradteile/Lenker/Enve-Sweep-Bar.html;;;;;;;;;;;;;;;;;;;;;;;;;;
https://www.bruegelmann.de/tern-castro-d3i-dr-24-schwarzgrau-399018.html?c=816&_cid=22_-8_6419_12889_-1_520266_0_Ladenzeile.de;;;;;;;;;;;;;;;;;;;;;;;;;;
http://www.raddiscount.de/P09064.html;;;;;;;;;;;;;;;;;;;;;;;;;;
http://www.dein-bikeshop.de/go-cart-puky-f550-black-edition/;;;;;;;;;;;;;;;;;;;;;;;;;;
http://www.mhw-bike.de/waterrower-eiche-mit-monitor-2558;;;;;;;;;;;;;;;;;;;;;;;;;;
https://www.liquid-life.de/cube/cube-race-one-black-n-flashorange-2016.html;;;;;;;;;;;;;;;;;;;;;;;;;;
http://www.futurumshop.de/agu-takatsu-carbon-sportbrille-fur-radsport.phtml;;;;;;;;;;;;;;;;;;;;;;;;;;
https://www.lidl.de/de/silvercrest-ruecken-nacken-heizkissen-srnh-100-e3/p231790?fromRecommendation=true&scenario=top_selling;;;;;;;;;;;;;;;;;;;;;;;;;;
https://www.comtech.de/notebook-und-laptop/asus-notebooks/asus-f756ub-ty005t-notebook-17.3-hd-i5-6200u-8gb-1tb-hdd-940m;;;;;;;;;;;;;;;;;;;;;;;;;;
http://www.qvc.de/BADIZIO-Classic-MF-Plueschtrikot-Wendebettwaesche-Blumenranke-Doppelbett%2C-6tlg.product.835755.html?sc=IROA  ;;;;;;;;;;;;;;;;;;;;;;;;;;
http://www.medion.com/de/shop/reinigung-medion-saugroboter-medion-md-16192-50052203a1.html?wt_int=de.intern.Default%20ErrorPageTwoCarousel%20for%20ProductNotFoundPage..on-ma&wt_cc3=ProductListComponent&wt_cc1=1_3 ;;;;;;;;;;;;;;;;;;;;;;;;;;
http://www.digitalo.de/products/764734/Polaroid-Sofortbild-Drucker-ZIP-Weiss.html   ;;;;;;;0m00;;;;;;;;;;;;;;;;;;;
http://www.telefon.de/Thermotransfer-Faxgeraet_g400_413/Panasonic-KX-FC265_p58630;;;;;;;;;;;;;;;;;;;;;;;;;;
https://www.handyinraten.de/smartphones/apple-iphone-6s/    image;;;;;;;;;;;;;;image;;;;;;;;;;;;
https://www.meintierdiscount.de/Hunde-Curli-Auto-Sicherungsgurt,44993,125p.htm?i=0  description;;;;;;;;;;;;;;;;;;;;;;;;;;
https://www.alsa-hundewelt.de/hunde-pfeife-classic?emcs0=2&emcs1=Hauptkategorieseite&emcs2=na&emcs3=211421;;;;;;;;;;;;;;;;;;;;;;;;;;
http://www.wunschfutter.de/snacks/snack-probierpaket;;;;;;;;;;;;;;;;;;;;;;;;;;
http://www.futtertonne24.de/hundefutter/wolfsblut/wild-duck.html;;;;;;;;;;;;;;;;;;;;;;;;;;
http://www.hundeland.de/hunter-katzen-welpenhalsband-neon-in-pink.html  image;;;;;;;;;;;;;;image;;;;;;;;;;;;
http://www.hund-unterwegs.de/latexspielzeug-terry-toy-sortiert;;;;;;;;;;;;;;image;;;;;;;;;;;;
http://lucky-pet.de/bosmere-schaufel-185   description;;;;;;;;;;;;;;;;;;;;;;;;;;
https://www.fressnapf.de/p/puppia-geschirr-super-soft-a#beiges;;;;;;;;;;;;;;;;;;;;;;;;;;
http://www.medpets.de/barn-i-kraeuterheu/?lpc=198;;;;;;;;;;;;;;;;;;;;;;;;;;
http://www.bitiba.de/shop/katze/trockenfutter/royal-canin/sparpakete/210539?rrec=true;;;;;;;;;;;;;;;;;;;;;;;;;;
http://www.zoorexx.de/Trockenfutter/Hills/Hills-Canine-Active-Longevity-Mature-Sen-Large-12kg::10801.html?XTCsid=144e5fad6a24c5281a540a68d51d4cc0   image;;;;;;;;;;;;;;image;;;;;;;;;;;;
http://www.zoofast.de/zoofastkrakvet-gepresste-knochen-pg-16599.html    image;;;;;;;;;;;;;;image;;;;;;;;;;;;
http://www.futterplatz.de/trixie-in-style-kleintier-fellpflege-handschuh--t6290 image;;;;;;;;;;;;;;;;;;;;;;;;;;
http://www.meyer-mode.de/led-solarschneeeulen-2er-set-joka-cuisine-514950/;;;;;;;;;;;;;;image // and avaiilable;;;;;;;;;;;;
http://www.burner.de/nike-air-huarache-run-ultra-schuhe-nike-air-huarache.NI+WSN819151+302.html;;;;;;;;;;;;;;;;;;;;;;;;;;
https://www.edited.de/product/Wollmantel-3508288 image;;;;;;;;;;;;;;;;;;;;;;;;;;
https://www.conleys.de/conleys/de/Women/Jeans/Skinny/Roehrenjeans-Briana-Biker-Stil-gecoated/produkt/8407444?fromSearch=Kategorie&ctp=cG9zPTEmc2ltaT05OS42Ng;;;;;;;;;;;;;;;;;;;;;;;;;;
https://www.foxxshirts.de/stanley-stella-stella-jokes-fairwear.html;;;;;;;;;;;;;;;;;;;;;;;;;;
http://www.albamoda.de/umhaengetasche-joop-813295/;;;;;;;;;;;;;;image // and avaiilable;;;;;;;;;;;;